Fund Name,P1,P2,P3,P4,P5,Score,Rank
M1,0.66,0.44,3.8,42.5,11.85,0.3862647794019218,3
M2,0.87,0.76,3.2,44.9,12.43,0.4251505575648066,7
M3,0.87,0.76,6.8,55.3,15.93,0.6897669693858746,4
M4,0.88,0.77,4.8,49.8,14.06,0.5399687095406434,8
M5,0.68,0.46,4.3,55.2,15.16,0.3915152086961818,2
M6,0.74,0.55,3.3,38.5,10.77,0.389700110847469,5
M7,0.83,0.69,5.2,62.5,17.31,0.5424586842145647,6
M8,0.77,0.59,4.6,70.0,18.99,0.45615724633746557,1
